"A people without the knowledge of their past history, origin and culture is like a tree without roots.",Knowledge
"Knowledge is power. Information is liberating. Education is the premise of progress, in every society, in every family.",Knowledge
"To know that we know what we know, and to know that we do not know what we do not know, that is true knowledge.",Knowledge
Without knowledge action is useless and knowledge without action is futile.,Knowledge
"To acquire knowledge, one must study; but to acquire wisdom, one must observe.",Knowledge
We are drowning in information but starved for knowledge.,Knowledge
"The control of information is something the elite always does, particularly in a despotic form of government. Information, knowledge, is power. If you can control information, you can control people.",Knowledge
"The larger the island of knowledge, the longer the shoreline of wonder.",Knowledge
"All our knowledge begins with the senses, proceeds then to the understanding, and ends with reason. There is nothing higher than reason.",Knowledge
Knowledge is power. Information is power. The secreting or hoarding of knowledge or information may be an act of tyranny camouflaged as humility.,Knowledge
"Human behavior flows from three main sources: desire, emotion, and knowledge.",Knowledge
"The aim of education is the knowledge, not of facts, but of values.",Knowledge
The best advice I ever got was that knowledge is power and to keep reading.,Knowledge
"Consider your origins: you were not made to live as brutes, but to follow virtue and knowledge.",Knowledge
The first step towards knowledge is to know that we are ignorant.,Knowledge
"I'm hungry for knowledge. The whole thing is to learn every day, to get brighter and brighter. That's what this world is about. You look at someone like Gandhi, and he glowed. Martin Luther King glowed. Muhammad Ali glows. I think that's from being bright all the time, and trying to be brighter.",Knowledge
The true sign of intelligence is not knowledge but imagination.,Knowledge
"Wisdom is the right use of knowledge. To know is not to be wise. Many men know a great deal, and are all the greater fools for it. There is no fool so great a fool as a knowing fool. But to know how to use knowledge is to have wisdom.",Knowledge
"If you have knowledge, let others light their candles in it.",Knowledge
"The only good is knowledge, and the only evil is ignorance.",Knowledge
It is one of my sources of happiness never to desire a knowledge of other people's business.,Knowledge
Where is the Life we have lost in living? Where is the wisdom we have lost in knowledge? Where is the knowledge we have lost in information?,Knowledge
"We are all born ignorant, but one must work hard to remain stupid.",Knowledge
"To know what you know and what you do not know, that is true knowledge.",Knowledge
"There are three principal means of acquiring knowledge... observation of nature, reflection, and experimentation. Observation collects facts; reflection combines them; experimentation verifies the result of that combination.",Knowledge
Risk comes from not knowing what you're doing.,Knowledge
A good decision is based on knowledge and not on numbers.,Knowledge
"They say a little knowledge is a dangerous thing, but it's not one half so bad as a lot of ignorance.",Knowledge
Real knowledge is to know the extent of one's ignorance.,Knowledge
Any knowledge that doesn't lead to new questions quickly dies out: it fails to maintain the temperature required for sustaining life.,Knowledge
"We live on an island surrounded by a sea of ignorance. As our island of knowledge grows, so does the shore of our ignorance.",Knowledge
Knowledge is the eye of desire and can become the pilot of the soul.,Knowledge
Ignorance is the curse of God; knowledge is the wing wherewith we fly to heaven.,Knowledge
I think we risk becoming the best informed society that has ever died of ignorance.,Knowledge
"We have a hunger of the mind which asks for knowledge of all around us, and the more we gain, the more is our desire; the more we see, the more we are capable of seeing.",Knowledge
Opinion is the medium between knowledge and ignorance.,Knowledge
"Knowledge is like money: to be of value it must circulate, and in circulating it can increase in quantity and, hopefully, in value.",Knowledge
The ability to perceive or think differently is more important than the knowledge gained.,Knowledge
"To know, is to know that you know nothing. That is the meaning of true knowledge.",Knowledge
"Knowledge is of two kinds. We know a subject ourselves, or we know where we can find information upon it.",Knowledge
Knowledge is the life of the mind.,Knowledge
No man's knowledge here can go beyond his experience.,Knowledge
There is much pleasure to be gained from useless knowledge.,Knowledge
"All the knowledge I possess everyone else can acquire, but my heart is all my own.",Knowledge
"When a man's knowledge is not in order, the more of it he has the greater will be his confusion.",Knowledge
"Science is the father of knowledge, but opinion breeds ignorance.",Knowledge
"Where there is shouting, there is no true knowledge.",Knowledge
"Evil being the root of mystery, pain is the root of knowledge.",Knowledge
"Let us tenderly and kindly cherish, therefore, the means of knowledge. Let us dare to read, think, speak, and write.",Knowledge
Those people who develop the ability to continuously acquire new and better forms of knowledge that they can apply to their work and to their lives will be the movers and shakers in our society for the indefinite future.,Knowledge
Knowledge is power only if man knows what facts not to bother with.,Knowledge
I prefer tongue-tied knowledge to ignorant loquacity.,Knowledge
Reading furnishes the mind only with materials of knowledge; it is thinking that makes what we read ours.,Knowledge
"Those who have knowledge, don't predict. Those who predict, don't have knowledge.",Knowledge
"We are here and it is now. Further than that, all human knowledge is moonshine.",Knowledge
"If money is your hope for independence you will never have it. The only real security that a man will have in this world is a reserve of knowledge, experience, and ability.",Knowledge
"Looking up and out, how can we not respect this ever-vigilant cognizance that distinguishes us: the capability to envision, to dream, and to invent? the ability to ponder ourselves? and be aware of our existence on the outer arm of a spiral galaxy in an immeasurable ocean of stars? Cognizance is our crest.",Knowledge
It is beyond a doubt that all our knowledge begins with experience.,Knowledge
All our knowledge has its origins in our perceptions.,Knowledge
Where is all the knowledge we lost with information?,Knowledge
"Knowledge is soon changed, then lost in the mist, an echo half-heard.",Knowledge
"The knowledge of anything, since all things have causes, is not acquired or complete unless it is known by its causes.",Knowledge
"We know accurately only when we know little, with knowledge doubt increases.",Knowledge
Having knowledge but lacking the power to express it clearly is no better than never having any ideas at all.,Knowledge
Today knowledge has power. It controls access to opportunity and advancement.,Knowledge
He who knows nothing is closer to the truth than he whose mind is filled with falsehoods and errors.,Knowledge
Every addition to true knowledge is an addition to human power.,Knowledge
"Knowledge may give weight, but accomplishments give lustre, and many more people see than weigh.",Knowledge
"Our knowledge can only be finite, while our ignorance must necessarily be infinite.",Knowledge
"If knowledge can create problems, it is not through ignorance that we can solve them.",Knowledge
"Knowledge has to be improved, challenged, and increased constantly, or it vanishes.",Knowledge
"The learning and knowledge that we have, is, at the most, but little compared with that of which we are ignorant.",Knowledge
I don't pretend we have all the answers. But the questions are certainly worth thinking about.,Knowledge
"When you know a thing, to hold that you know it, and when you do not know a thing, to allow that you do not know it - this is knowledge.",Knowledge
Humility and knowledge in poor clothes excel pride and ignorance in costly attire.,Knowledge
Knowledge which is acquired under compulsion obtains no hold on the mind.,Knowledge
Knowledge is love and light and vision.,Knowledge
The natural desire of good men is knowledge.,Knowledge
"I would rather excel in the knowledge of what is excellent, than in the extent of my power and possessions.",Knowledge
Knowledge without justice ought to be called cunning rather than wisdom.,Knowledge
The degree of one's emotions varies inversely with one's knowledge of the facts.,Knowledge
"Knowledge rests not upon truth alone, but upon error also.",Knowledge
"The knower and the known are one. Simple people imagine that they should see God as if he stood there and they here. This is not so. God and I, we are one in knowledge.",Knowledge
The true method of knowledge is experiment.,Knowledge
"If education is always to be conceived along the same antiquated lines of a mere transmission of knowledge, there is little to be hoped from it in the bettering of man's future. For what is the use of transmitting knowledge if the individual's total development lags behind?",Knowledge
Information is not knowledge.,Knowledge
Knowledge is knowing that we cannot know.,Knowledge
"And what, Socrates, is the food of the soul? Surely, I said, knowledge is the food of the soul.",Knowledge
"Without self knowledge, without understanding the working and functions of his machine, man cannot be free, he cannot govern himself and he will always remain a slave.",Knowledge
"A man of knowledge lives by acting, not by thinking about acting.",Knowledge
Perplexity is the beginning of knowledge.,Knowledge
"I had therefore to remove knowledge, in order to make room for belief.",Knowledge
"The apple cannot be stuck back on the Tree of Knowledge; once we begin to see, we are doomed and challenged to seek the strength to see more, not less.",Knowledge
Knowledge of the past and of the places of the earth is the ornament and food of the mind of man.,Knowledge
Doubt grows with knowledge.,Knowledge
"Knowledge which is divorced from justice, may be called cunning rather than wisdom.",Knowledge
"The only real security that a man can have in this world is a reserve of knowledge, experience and ability.",Knowledge
All men by nature desire knowledge.,Knowledge
Ignorance is never better than knowledge.,Knowledge
"Knowledge of the self is the mother of all knowledge. So it is incumbent on me to know my self, to know it completely, to know its minutiae, its characteristics, its subtleties, and its very atoms.",Knowledge
"This life that has been given to us as a gift, as such a precious gift. To really try to understand it, really try to recognize it, is the greatest meditation. Through the media of this Knowledge we can tap into our inner sources that are so beautiful.",Knowledge
"Cherish that which is within you, and shut off that which is without; for much knowledge is a curse.",Knowledge
"One whose knowledge is confined to books and whose wealth is in the possession of others, can use neither his knowledge nor wealth when the need for them arises.",Knowledge
"Property may be destroyed and money may lose its purchasing power; but, character, health, knowledge and good judgement will always be in demand under all conditions.",Knowledge
Even the knowledge of my own fallibility cannot keep me from making mistakes. Only when I fall do I get up again.,Knowledge
Never stop learning; knowledge doubles every fourteen months.,Knowledge
"It is not when truth is dirty, but when it is shallow, that the lover of knowledge is reluctant to step into its waters.",Knowledge
"Entire ignorance is not so terrible or extreme an evil, and is far from being the greatest of all; too much cleverness and too much learning, accompanied with ill bringing-up, are far more fatal.",Knowledge
The possession of knowledge does not kill the sense of wonder and mystery. There is always more mystery.,Knowledge
Knowledge is a polite word for dead but not buried imagination.,Knowledge
No man can reveal to you nothing but that which already lies half-asleep in the dawning of your knowledge.,Knowledge
"I was bold in the pursuit of knowledge, never fearing to follow truth and reason to whatever results they led, and bearding every authority which stood in their way.",Knowledge
Knowledge of what is does not open the door directly to what should be.,Knowledge
It is harder to conceal ignorance than to acquire knowledge.,Knowledge
"Pain and foolishness lead to great bliss and complete knowledge, for Eternal Wisdom created nothing under the sun in vain.",Knowledge
The knowledge I have now is not the knowledge I had then.,Knowledge
"I'll come to you with gifts of knowledge, wisdom and truth.",Knowledge
"Depend upon it there comes a time when for every addition of knowledge you forget something that you knew before. It is of the highest importance, therefore, not to have useless facts elbowing out the useful ones.",Knowledge
"We don't know all the answers. If we knew all the answers we'd be bored, wouldn't we? We keep looking, searching, trying to get more knowledge.",Knowledge
There comes a time when the mind takes a higher plane of knowledge but can never prove how it got there.,Knowledge
Knowledge is true opinion.,Knowledge
"If you first fortify yourself with the true knowledge of the Universal Self, and then live in the midst of wealth and worldliness, surely they will in no way affect you.",Knowledge
That knowledge which is popular is not scientific.,Knowledge
"As the biggest library if it is in disorder is not as useful as a small but well-arranged one, so you may accumulate a vast amount of knowledge but it will be of far less value than a much smaller amount if you have not thought it over for yourself.",Knowledge
"Suppose that we are wise enough to learn and know - and yet not wise enough to control our learning and knowledge, so that we use it to destroy ourselves? Even if that is so, knowledge remains better than ignorance.",Knowledge
"Knowledge is not a passion from without the mind, but an active exertion of the inward strength, vigor and power of the mind, displaying itself from within.",Knowledge
The knowledge of yourself will preserve you from vanity.,Knowledge
"Even knowledge has to be in the fashion, and where it is not, it is wise to affect ignorance.",Knowledge
"For beautiful eyes, look for the good in others; for beautiful lips, speak only words of kindness; and for poise, walk with the knowledge that you are never alone.",Knowledge
"There is a cult of ignorance in the United States, and there has always been. The strain of anti-intellectualism has been a constant thread winding its way through our political and cultural life, nurtured by the false notion that democracy means that my ignorance is just as good as your knowledge.",Knowledge
"Data is not information, information is not knowledge, knowledge is not understanding, understanding is not wisdom.",Knowledge
Knowledge is of no value unless you put it into practice.,Knowledge
Knowledge is knowing that a tomato is a fruit. Wisdom is knowing not to put it in a fruit salad.,Knowledge
"Science knows no country, because knowledge belongs to humanity, and is the torch which illuminates the world. Science is the highest personification of the nation because that nation will remain the first which carries the furthest the works of thought and intelligence.",Knowledge
Discussion is an exchange of knowledge; an argument an exchange of ignorance.,Knowledge
"Never stop fighting until you arrive at your destined place - that is, the unique you. Have an aim in life, continuously acquire knowledge, work hard, and have perseverance to realise the great life.",Knowledge
We cannot stop natural disasters but we can arm ourselves with knowledge: so many lives wouldn't have to be lost if there was enough disaster preparedness.,Knowledge
"Carry out a random act of kindness, with no expectation of reward, safe in the knowledge that one day someone might do the same for you.",Knowledge
The greatest obstacle to discovery is not ignorance - it is the illusion of knowledge.,Knowledge
Knowledge will forever govern ignorance; and a people who mean to be their own governors must arm themselves with the power which knowledge gives.,Knowledge
We want our legacy to stand upon the youth. We want to give knowledge to the younger generation and be a part of changing the game.,Knowledge
The great aim of education is not knowledge but action.,Knowledge
"I believe that through knowledge and discipline, financial peace is possible for all of us.",Knowledge
An investment in knowledge pays the best interest.,Knowledge
"It is not knowledge, but the act of learning, not possession but the act of getting there, which grants the greatest enjoyment.",Knowledge
"Knowledge comes, but wisdom lingers. It may not be difficult to store up in the mind a vast quantity of facts within a comparatively short time, but the ability to form judgments requires the severe discipline of hard work and the tempering heat of experience and maturity.",Knowledge
"Some people drink from the fountain of knowledge, others just gargle.",Knowledge
Science is a way of thinking much more than it is a body of knowledge.,Knowledge
It takes considerable knowledge just to realize the extent of your own ignorance.,Knowledge
What is research but a blind date with knowledge?,Knowledge
"It is possible to fly without motors, but not without knowledge and skill.",Knowledge
The saddest aspect of life right now is that science gathers knowledge faster than society gathers wisdom.,Knowledge
Beware of false knowledge; it is more dangerous than ignorance.,Knowledge
"Knowledge is power, and it can help you overcome any fear of the unexpected. When you learn, you gain more awareness through the process, and you know what pitfalls to look for as you get ready to transition to the next level.",Knowledge
The good life is one inspired by love and guided by knowledge.,Knowledge
"The goal of education is not to increase the amount of knowledge but to create the possibilities for a child to invent and discover, to create men who are capable of doing new things.",Knowledge
"The improvement of understanding is for two ends: first, our own increase of knowledge; secondly, to enable us to deliver that knowledge to others.",Knowledge
"When people rely on surface appearances and false racial stereotypes, rather than in-depth knowledge of others at the level of the heart, mind and spirit, their ability to assess and understand people accurately is compromised.",Knowledge
"Knowledge speaks, but wisdom listens.",Knowledge
"In complete darkness we are all the same, it is only our knowledge and wisdom that separates us, don't let your eyes deceive you.",Knowledge
I believe that imagination is stronger than knowledge. That myth is more potent than history. That dreams are more powerful than facts. That hope always triumphs over experience. That laughter is the only cure for grief. And I believe that love is stronger than death.,Knowledge
Knowledge is power.,Knowledge
The art and science of asking questions is the source of all knowledge.,Knowledge
"Sorrow is knowledge, those that know the most must mourn the deepest, the tree of knowledge is not the tree of life.",Knowledge
We can be knowledgable with other men's knowledge but we cannot be wise with other men's wisdom.,Knowledge
"Your competition is not other people but the time you kill, the ill will you create, the knowledge you neglect to learn, the connections you fail to build, the health you sacrifice along the path, your inability to generate ideas, the people around you who don't support and love your efforts, and whatever god you curse for your bad luck.",Knowledge
"All true happiness, pure joy, sweet bounties, and untroubled pleasure lie in knowledge of God and love of God; they cannot exist without them.",Knowledge
Research is creating new knowledge.,Knowledge
"Thought is the wind, knowledge the sail, and mankind the vessel.",Knowledge
The thing I have discovered about working with personal finance is that the good news is that it is not rocket science. Personal finance is about 80 percent behavior. It is only about 20 percent head knowledge.,Knowledge
"Integrity without knowledge is weak and useless, and knowledge without integrity is dangerous and dreadful.",Knowledge
True knowledge exists in knowing that you know nothing.,Knowledge
"Hackers are breaking the systems for profit. Before, it was about intellectual curiosity and pursuit of knowledge and thrill, and now hacking is big business.",Knowledge
Education is not just about going to school and getting a degree. It's about widening your knowledge and absorbing the truth about life.,Knowledge
"Love is a really scary thing, and you never know what's going to happen. It's one of the most beautiful things in life, but it's one of the most terrifying. It's worth the fear because you have more knowledge, experience, you learn from people, and you have memories.",Knowledge
The greater our knowledge increases the more our ignorance unfolds.,Knowledge
"If four things are followed - having a great aim, acquiring knowledge, hard work, and perseverance - then anything can be achieved.",Knowledge
It is the supreme art of the teacher to awaken joy in creative expression and knowledge.,Knowledge
"I've been a cook all my life, but I am still learning to be a good chef. I'm always learning new techniques and improving beyond my own knowledge because there is always something new to learn and new horizons to discover.",Knowledge
"Happiness exists on earth, and it is won through prudent exercise of reason, knowledge of the harmony of the universe, and constant practice of generosity.",Knowledge
"The past is a source of knowledge, and the future is a source of hope. Love of the past implies faith in the future.",Knowledge
"The difference between a successful person and others is not a lack of strength, not a lack of knowledge, but rather a lack of will.",Knowledge
"Knowledge will give you power, but character respect.",Knowledge
"Allah says in the Qur'an not to despise one another. So the criterion in Islam is not color or social status. It's who is most righteous. If I go to a mosque - and I'm a basketball player with money and prestige - if I go to a mosque and see an imam, I feel inferior. He's better than me. It's about knowledge.",Knowledge
Science is organized knowledge. Wisdom is organized life.,Knowledge
"Over time, naturally, you lose your innocence from gaining knowledge. You can't be innocent forever, but there's something in innocence you need to regain to be creative.",Knowledge
Only divine love bestows the keys of knowledge.,Knowledge
The man of knowledge must be able not only to love his enemies but also to hate his friends.,Knowledge
"If you know you are on the right track, if you have this inner knowledge, then nobody can turn you off... no matter what they say.",Knowledge
"Patriotism is voluntary. It is a feeling of loyalty and allegiance that is the result of knowledge and belief. A patriot shows their their patriotism through their actions, by their choice.",Knowledge
"Three passions, simple but overwhelmingly strong, have governed my life: the longing for love, the search for knowledge, and unbearable pity for the suffering of mankind.",Knowledge
"Ignorance more frequently begets confidence than does knowledge: it is those who know little, and not those who know much, who so positively assert that this or that problem will never be solved by science.",Knowledge
Our knowledge is a little island in a great ocean of nonknowledge.,Knowledge
"Design is a way of life, a point of view. It involves the whole complex of visual communications: talent, creative ability, manual skill, and technical knowledge. Aesthetics and economics, technology and psychology are intrinsically related to the process.",Knowledge
"All we have is the knowledge passed on to us by our elders, experiences we inculcate and hardly negate. But to bridge the generation gap, one needs to adapt to the new while retaining the goodness of the old.",Knowledge
For the things of this world cannot be made known without a knowledge of mathematics.,Knowledge
"I believe that when an elder dies, a library is burned: vast sums of wisdom and knowledge are lost. Throughout the world libraries are ablaze with scant attention.",Knowledge
"We are buried beneath the weight of information, which is being confused with knowledge; quantity is being confused with abundance and wealth with happiness.",Knowledge
The only source of knowledge is experience.,Knowledge
"Lost wealth may be replaced by industry, lost knowledge by study, lost health by temperance or medicine, but lost time is gone forever.",Knowledge
"Don't only practice your art, but force your way into its secrets; art deserves that, for it and knowledge can raise man to the Divine.",Knowledge
"Knowledge comes, but wisdom lingers.",Knowledge
Knowledge is proud that it knows so much; wisdom is humble that it knows no more.,Knowledge
"Nature is the source of all true knowledge. She has her own logic, her own laws, she has no effect without cause nor invention without necessity.",Knowledge
"The more knowledge you have, the greater will be your fear of Allah.",Knowledge
"As knowledge increases, wonder deepens.",Knowledge
A loving heart is the beginning of all knowledge.,Knowledge
The gift of fantasy has meant more to me than my talent for absorbing positive knowledge.,Knowledge
"The good life consists in deriving happiness by using your signature strengths every day in the main realms of living. The meaningful life adds one more component: using these same strengths to forward knowledge, power or goodness.",Knowledge
"Wisdom is the knowledge of good and evil, not the strength to choose between the two.",Knowledge
"Summer is not obligatory. We can start an infernally hard jigsaw puzzle in June with the knowledge that, if there are enough rainy days, we may just finish it by Labor Day, but if not, there's no harm, no penalty. We may have better things to do.",Knowledge
"Pleasure is a shadow, wealth is vanity, and power a pageant; but knowledge is ecstatic in enjoyment, perennial in frame, unlimited in space and indefinite in duration.",Knowledge
"Life is a travelling to the edge of knowledge, then a leap taken.",Knowledge
Knowledge is a weapon. I intend to be formidably armed.,Knowledge
Knowledge is an unending adventure at the edge of uncertainty.,Knowledge
"Not ignorance, but ignorance of ignorance, is the death of knowledge.",Knowledge
"Knowledge is not a guarantee of good political behavior, but ignorance is a virtual guarantee of bad behavior.",Knowledge
There is no greater impediment to the advancement of knowledge than the ambiguity of words.,Knowledge
"The more knowledge you've got, the more understanding you have, the better you are able to implement and pass it on to others.",Knowledge
"You are the master of your own ship, pal. There are lots of people who fall into troubled waters and don't have the guts or the knowledge or the ability to make it to shore. They have nobody to blame but themselves.",Knowledge
Knowledge is not skill. Knowledge plus ten thousand times is skill.,Knowledge
"The secret of improved plant breeding, apart from scientific knowledge, is love.",Knowledge
The goal of education is the advancement of knowledge and the dissemination of truth.,Knowledge
"Education is a private matter between the person and the world of knowledge and experience, and has little to do with school or college.",Knowledge
The mark of higher education isn't the knowledge you accumulate in your head. It's the skills you gain about how to learn.,Knowledge
"A lawyer without history or literature is a mechanic, a mere working mason; if he possesses some knowledge of these, he may venture to call himself an architect.",Knowledge
"The more knowledge you get, the more questions you ask. The smarter you get, the more you realize that everything can be possible.",Knowledge
The advancement and diffusion of knowledge is the only guardian of true liberty.,Knowledge
"I thank God that I'm a product of my parents. That they infected me with their intelligence and energy for life, with their thirst for knowledge and their love. I'm grateful that I know where I come from.",Knowledge
Anything that gives us new knowledge gives us an opportunity to be more rational.,Knowledge
Hackers rarely have full knowledge of the technology stack of a target.,Knowledge
A thorough knowledge of the Bible is worth more than a college education.,Knowledge
"Human knowledge is never contained in one person. It grows from the relationships we create between each other and the world, and still, it is never complete.",Knowledge
"If a little knowledge is dangerous, where is the man who has so much as to be out of danger?",Knowledge
The secret to being successful from a trading perspective is to have an indefatigable and an undying and unquenchable thirst for information and knowledge.,Knowledge
Love takes up where knowledge leaves off.,Knowledge
To be conscious that you are ignorant of the facts is a great step to knowledge.,Knowledge
"If you want to know the taste of a pear, you must change the pear by eating it yourself. If you want to know the theory and methods of revolution, you must take part in revolution. All genuine knowledge originates in direct experience.",Knowledge
"Faith: Belief without evidence in what is told by one who speaks without knowledge, of things without parallel.",Knowledge
Imagine a world in which every single person on the planet is given free access to the sum of all human knowledge. That's what we're doing.,Knowledge
"Doubt is not below knowledge, but above it.",Knowledge
"I was raised in Arizona, and I went to public school, and the extent of my knowledge of the civil-rights movement was the story of Rosa Parks and Martin Luther King, Jr. I wonder how much my generation knows.",Knowledge
"Exercise your brain and body, keep engaged with work and friends, and feed your brain with a healthy, plant-based diet - as well as knowledge.",Knowledge
"To remove this obstacle I repeat or refer to such knowledge as has come under my notice, my own previously expressed views, and also describe and exhibit my last experiments and explain their novelty and utility.",Knowledge
"We have always been taught that hockey is our national game, but it is only in general knowledge books and not on official papers.",Knowledge
"The future of Norway isn't about competing on being the cheapest but the most innovative. We have an expensive welfare state, and the only answer to continue that way is to become more competitive, especially on knowledge.",Knowledge
"In the life of our organism, we are continually dealing with a development of force followed by a state of equilibrium. Of course, the human being has no conscious knowledge of what is really going on within him, but what takes place is so infinitely wise that the cleverness of the human ego is nothing by comparison.",Knowledge
The future of publishing is about having connections to readers and the knowledge of what those readers want.,Knowledge
"But, I think it's great to be able to work with established directors, and then also first-timers. I feel like you learn from both of them, but then you can go and share your knowledge with each of them. That's really fantastic!",Knowledge
"If you happen to start a new country in the 1990s, you have the advantage of drafting new laws with the knowledge that the Internet is out there.",Knowledge
"Kids all want to look cool, as if knowledge is a great burden, but they're always looking around. They remember.",Knowledge
They taught us because they wanted to pass the knowledge on and educate young musicians. It was not because they had to teach because they failed as musicians. There is a huge difference in the reasons why someone is teaching and what they can offer and what they cannot offer.,Knowledge
Most scientific revelations happened after the pursuit of knowledge quit being secret and hermetic.,Knowledge
"Where the quest for knowledge is relatively, and now almost absolutely, unrestrained, the public benefit will be great, especially where the certainty of the law ensures that knowledge is rewarded. This is exactly the combination that is the foundation of wealth-creation.",Knowledge
"Basically I was a rebel growing up. I got kicked out of six schools. But I don't think that it makes you less of an intellect. You know, if you ever crave knowledge, there's always a library.",Knowledge
"At thirteen, I accompanied my mother to the Hawaiian Islands. There, for the first time, I saw the wonder of a steamship and the vastness of the ocean. From that time on, I was eager to acquire the knowledge of the West and to fathom the mysteries of nature.",Knowledge
"When you are not part of an industry, your knowledge of that field is based on what you read and hear and on the stereotypes that are attached to it.",Knowledge
"A largely unregulated Internet has created knowledge and wealth, but it's also long provided a medium for predatory, abusive and bullying behavior.",Knowledge
A true knowledge of ourselves is knowledge of our power.,Knowledge
The Greeks possessed a knowledge of human nature we seem hardly able to attain to without passing through the strengthening hibernation of a new barbarism.,Knowledge
There is this tremendous body of knowledge in the world of academia where extraordinary numbers of incredibly thoughtful people have taken the time to examine on a really profound level the way we live our lives and who we are and where we've been. That brilliant learning sometimes gets trapped in academia and never sees the light of day.,Knowledge
"Harvard is first and foremost a university and not a consulting operation, and our job here is to teach and to research and to create knowledge on Asia in conjunction and in cooperation with scholars as well as with political, intellectual, and cultural leaders in Asia.",Knowledge
"So long as these kinds of inequalities persist, all of us who are given expensive educations have to live with the knowledge that our victories are contaminated because the game has been rigged to our advantage.",Knowledge
"Because I've spent most of my life with such a beautiful, talented, challenging female, I feel I've gained - and am still gaining - a great deal of knowledge about the feminine mystique and about personal relationships - knowledge which is so important to a writer.",Knowledge
"Christopher Hitchens's autobiography, 'Hitch 22', is a poignant read and very interesting because I have a very poor knowledge of recent political history - or, for that matter, distant political history.",Knowledge
"Although born in a prosperous realm, we did not believe that its boundaries should limit our knowledge, and that the lore of the East should alone enlighten us.",Knowledge
"Our knowledge of animals and their behaviour has come a long way. We can no longer justify imprisoning them, robbing them of everything that is natural and important to them and turning them into objects of ridicule for our amusement.",Knowledge
"We need... to say to people that this is a temporary residential status, and we expect that, once there is peace in Syria again, once IS has been defeated in Iraq, that you go back to your home country with the knowledge that you have gained.",Knowledge
"Grace is given of god, but knowledge is bought in the market.",Knowledge
"An accurate knowledge of the past of a country is necessary for everyone who would understand its present, and who desires to judge of its future.",Knowledge
When I entered medical physics in 1958 there were fewer than 100 in the U.S. and I could see many opportunities to apply my knowledge of nuclear physics.,Knowledge
"At the simplest level, economics can better show us the consequences of our actions. Less simple are cases in which we don't have the knowledge to predict the full consequences. Global warming and climate change are examples.",Knowledge
"I'm not saying that atheists can't act morally or have moral knowledge. But when I ascribe virtue to an atheist, it's as a theist who sees the atheist as conforming to objective moral values. The atheist, by contrast, has no such basis for morality. And yet all moral judgments require a basis for morality, some standard of right and wrong.",Knowledge
"You get a lot of young chefs who have a lot of savoir-faire, a lot of technical knowledge. What's important is to convey to them a cuisine that is made from the heart.",Knowledge
"The foundation of our religion is a basis of fact - the fact of the birth, ministry, miracles, death, resurrection by the Evangelists as having actually occurred, within their own personal knowledge.",Knowledge
The skills associated with knowledge creation are totally different from the skills associated with production.,Knowledge
Men have always shown a dim knowledge of their better potentialities by paying homage to those purest leaders who taught the simplest and most inclusive rules for an undivided mankind.,Knowledge
"To maximise global social welfare, policymakers should strongly encourage the diffusion of knowledge from developed to developing countries.",Knowledge
"The frontiers of knowledge in the various fields of our subject are expanding at such a rate that, work as hard as one can, one finds oneself further and further away from an understanding of the whole.",Knowledge
Contempt for China on the part of the enemy is his weak point. Knowledge of this weak point is our strong point.,Knowledge
