"Strength does not come from winning. Your struggles develop your strengths. When you go through hardships and decide not to surrender, that is strength.",Strength
"Unity is strength... when there is teamwork and collaboration, wonderful things can be achieved.",Strength
"Permanence, perseverance and persistence in spite of all obstacles, discouragements, and impossibilities: It is this, that in all things distinguishes the strong soul from the weak.",Strength
A hero is an ordinary individual who finds the strength to persevere and endure in spite of overwhelming obstacles.,Strength
"Thousands have lived without love, not one without water.",Strength
Some of us think holding on makes us strong; but sometimes it is letting go.,Strength
"A single twig breaks, but the bundle of twigs is strong.",Strength
It doesn't take a lot of strength to hang on. It takes a lot of strength to let go.,Strength
"Life is very interesting... in the end, some of your greatest pains, become your greatest strengths.",Strength
That which does not kill us makes us stronger.,Strength
"I love those who can smile in trouble, who can gather strength from distress, and grow brave by reflection. 'Tis the business of little minds to shrink, but they whose heart is firm, and whose conscience approves their conduct, will pursue their principles unto death.",Strength
Continuous effort - not strength or intelligence - is the key to unlocking our potential.,Strength
"Difficulties are meant to rouse, not discourage. The human spirit is to grow strong by conflict.",Strength
"Anxiety does not empty tomorrow of its sorrows, but only empties today of its strength.",Strength
I like criticism. It makes you strong.,Strength
Out of suffering have emerged the strongest souls; the most massive characters are seared with scars.,Strength
"If I didn't define myself for myself, I would be crunched into other people's fantasies for me and eaten alive.",Strength
"The world breaks everyone, and afterward, some are strong at the broken places.",Strength
"Nothing is so strong as gentleness, nothing so gentle as real strength.",Strength
Strength and growth come only through continuous effort and struggle.,Strength
"When adversity strikes, that's when you have to be the most calm. Take a step back, stay strong, stay grounded and press on.",Strength
No one saves us but ourselves. No one can and no one may. We ourselves must walk the path.,Strength
"As long as we persevere and endure, we can get anything we want.",Strength
A truly strong person does not need the approval of others any more than a lion needs the approval of sheep.,Strength
Don't wait for extraordinary opportunities. Seize common occasions and make them great. Weak men wait for opportunities; strong men make them.,Strength
"I think scars are like battle wounds - beautiful, in a way. They show what you've been through and how strong you are for coming out of it.",Strength
Strength does not come from physical capacity. It comes from an indomitable will.,Strength
"Be sure you put your feet in the right place, then stand firm.",Strength
Insincerity is always weakness; sincerity even in error is strength.,Strength
"Character cannot be developed in ease and quiet. Only through experience of trial and suffering can the soul be strengthened, ambition inspired, and success achieved.",Strength
"You have power over your mind - not outside events. Realize this, and you will find strength.",Strength
"Endurance is not just the ability to bear a hard thing, but to turn it into glory.",Strength
"Scar tissue is stronger than regular tissue. Realize the strength, move on.",Strength
Heroism is endurance for one moment more.,Strength
The turning point in the process of growing up is when you discover the core of strength within you that survives all hurt.,Strength
"Fortitude is the marshal of thought, the armor of the will, and the fort of reason.",Strength
Strength is the capacity to break a chocolate bar into four pieces with your bare hands - and then eat just one of the pieces.,Strength
A strong woman is a woman determined to do something others are determined not be done.,Strength
"There are dark shadows on the earth, but its lights are stronger in the contrast.",Strength
I think a hero is an ordinary individual who finds strength to persevere and endure in spite of overwhelming obstacles.,Strength
Only the gentle are ever really strong.,Strength
"Where there is no struggle, there is no strength.",Strength
Shallow men believe in luck. Strong men believe in cause and effect.,Strength
Don't expect to build up the weak by pulling down the strong.,Strength
"My strength is as the strength of ten, because my heart is pure.",Strength
"All the adversity I've had in my life, all my troubles and obstacles, have strengthened me... You may not realize it when it happens, but a kick in the teeth may be the best thing in the world for you.",Strength
"We can be tired, weary and emotionally distraught, but after spending time alone with God, we find that He injects into our bodies energy, power and strength.",Strength
"When we long for life without difficulties, remind us that oaks grow strong in contrary winds and diamonds are made under pressure.",Strength
Nobody can hurt me without my permission.,Strength
Only the weak are cruel. Gentleness can only be expected from the strong.,Strength
My bad habits aren't my title. My strengths and my talent are my title.,Strength
What is to give light must endure burning.,Strength
"The God we serve does not seek out the perfect, but instead uses our imperfections and our shortcomings for his greater good. I am humbled by my own limitations. But where I am weak, He is strong.",Strength
He who conquers others is strong; He who conquers himself is mighty.,Strength
The world is the great gymnasium where we come to make ourselves strong.,Strength
Good actions give strength to ourselves and inspire good actions in others.,Strength
A strong man doesn't have to be dominant toward a woman. He doesn't match his strength against a woman weak with love for him. He matches it against the world.,Strength
"If your determination is fixed, I do not counsel you to despair. Few things are impossible to diligence and skill. Great works are performed not by strength, but perseverance.",Strength
Kites rise highest against the wind - not with it.,Strength
Nothing has more strength than dire necessity.,Strength
You can't really be strong until you see a funny side to things.,Strength
"Climbing to the top demands strength, whether it is to the top of Mount Everest or to the top of your career.",Strength
"I learned that it is the weak who are cruel, and that gentleness is to be expected only from the strong.",Strength
This is no time for ease and comfort. It is time to dare and endure.,Strength
Rudeness is a weak imitation of strength.,Strength
One who gains strength by overcoming obstacles possesses the only strength which can overcome adversity.,Strength
Endure and persist; this pain will turn to good by and by.,Strength
There is little that can withstand a man who can conquer himself.,Strength
Life only demands from you the strength that you possess. Only one feat is possible; not to run away.,Strength
Stand up to your obstacles and do something about them. You will find that they haven't half the strength you think they have.,Strength
Silence is a source of great strength.,Strength
Every calamity is to be overcome by endurance.,Strength
Force has no place where there is need of skill.,Strength
The spirit of man can endure only so much and when it is broken only a miracle can mend it.,Strength
"He that is not handsome at 20, nor strong at 30, nor rich at 40, nor wise at 50, will never be handsome, strong, rich or wise.",Strength
Even cowards can endure hardship; only the brave can endure suspense.,Strength
Every burden is a blessing.,Strength
The strong man is the one who is able to intercept at will the communication between the senses and the mind.,Strength
Problems are not the problem; coping is the problem.,Strength
Perhaps I am stronger than I think.,Strength
"As we advance in life it becomes more and more difficult, but in fighting the difficulties the inmost strength of the heart is developed.",Strength
The resistance that you fight physically in the gym and the resistance that you fight in life can only build a strong character.,Strength
"Life is truly known only to those who suffer, lose, endure adversity and stumble from defeat to defeat.",Strength
True strength is delicate.,Strength
The soul that is within me no man can degrade.,Strength
"The strength of a man's virtue should not be measured by his special exertions, but by his habitual acts.",Strength
Nobody picks on a strong man.,Strength
"The men who learn endurance, are they who call the whole world, brother.",Strength
Fortitude is the guard and support of the other virtues.,Strength
Strong and bitter words indicate a weak cause.,Strength
What is important is to believe in something so strongly that you're never discouraged.,Strength
"It does not take much strength to do things, but it requires great strength to decide on what to do.",Strength
"Don't wish me happiness - I don't expect to be happy it's gotten beyond that, somehow. Wish me courage and strength and a sense of humor - I will need them all.",Strength
"I've been through it all, baby, I'm mother courage.",Strength
"If you learn how to forgive others for not being strong, then people can learn how to forgive you for your own issues.",Strength
This is the mark of a really admirable man: steadfastness in the face of trouble.,Strength
"Don't be afraid to give your best to what seemingly are small jobs. Every time you conquer one it makes you that much stronger. If you do the little jobs well, the big ones will tend to take care of themselves.",Strength
"Strengthen me by sympathizing with my strength, not my weakness.",Strength
"There are two ways of exerting one's strength: one is pushing down, the other is pulling up.",Strength
"In all my perplexities and distresses, the Bible has never failed to give me light and strength.",Strength
"A mind at peace, a mind centered and not focused on harming others, is stronger than any physical force in the universe.",Strength
Does anybody really think that they didn't get what they had because they didn't have the talent or the strength or the endurance or the commitment?,Strength
Only one who devotes himself to a cause with his whole strength and soul can be a true master. For this reason mastery demands all of a person.,Strength
Confession of errors is like a broom which sweeps away the dirt and leaves the surface brighter and clearer. I feel stronger for confession.,Strength
"Sure I am of this, that you have only to endure to conquer.",Strength
"Strength of character means the ability to overcome resentment against others, to hide hurt feelings, and to forgive quickly.",Strength
"Because your own strength is unequal to the task, do not assume that it is beyond the powers of man; but if anything is within the powers and province of man, believe that it is within your own compass also.",Strength
"The days of our lives, for all of us, are numbered. We know that. And yes, there are certainly times when we aren't able to muster as much strength and patience as we would like. It's called being human.",Strength
Sometimes your disappointments make you a stronger person for the future.,Strength
Women are like teabags. We don't know our true strength until we are in hot water!,Strength
When I use my strength in the service of my vision it makes no difference whether or not I am afraid.,Strength
It is the characteristic excellence of the strong man that he can bring momentous issues to the fore and make a decision about them. The weak are always forced to decide between alternatives they have not chosen themselves.,Strength
"Too often the strong, silent man is silent only because he does not know what to say, and is reputed strong only because he has remained silent.",Strength
Life asks not merely what you can do; it asks how much can you endure and not be spoiled.,Strength
"Prayer is more than meditation. In meditation, the source of strength is one's self. When one prays, he goes to a source of strength greater than his own.",Strength
Only by contending with challenges that seem to be beyond your strength to handle at the moment you can grow more surely toward the stars.,Strength
"What is exciting is not for one person to be stronger than the other... but for two people to have met their match and yet they are equally as stubborn, as obstinate, as passionate, as crazy as the other.",Strength
"I think I was born strong-willed. That's not the kind of thing you can learn. The advantage is, you stick to what you believe in and rarely get pushed out of what you want to do.",Strength
With the new day comes new strength and new thoughts.,Strength
"That though the radiance which was once so bright be now forever taken from my sight. Though nothing can bring back the hour of splendor in the grass, glory in the flower. We will grieve not, rather find strength in what remains behind.",Strength
Great works are performed not by strength but by perseverance.,Strength
Flexibility is crucial to my fitness. Incorporating a good warm-up and cool-down into every session decreases my chances of injury. I use both dynamic and static stretching in my training. I've starting doing a few yoga sessions which incorporates muscle strength and flexibility.,Strength
"Greatness lies, not in being strong, but in the right using of strength; and strength is not used rightly when it serves only to carry a man above his fellows for his own solitary glory. He is the greatest whose strength carries up the most hearts by the attraction of his own.",Strength
"I do believe in the old saying, 'What does not kill you makes you stronger.' Our experiences, good and bad, make us who we are. By overcoming difficulties, we gain strength and maturity.",Strength
Being glamorous is about strength and confidence. It's black and white - dramatic. You have to be strong.,Strength
Aging is not lost youth but a new stage of opportunity and strength.,Strength
Faith gives you an inner strength and a sense of balance and perspective in life.,Strength
My family is my strength and my weakness.,Strength
The size of your success is measured by the strength of your desire; the size of your dream; and how you handle disappointment along the way.,Strength
"There is always strength in numbers. The more individuals or organizations that you can rally to your cause, the better.",Strength
"No matter what kind of challenges or difficulties or painful situations you go through in your life, we all have something deep within us that we can reach down and find the inner strength to get through them.",Strength
"Love feels no burden, thinks nothing of trouble, attempts what is above its strength, pleads no excuse of impossibility; for it thinks all things lawful for itself, and all things possible.",Strength
"Power is not an institution, and not a structure; neither is it a certain strength we are endowed with; it is the name that one attributes to a complex strategical situation in a particular society.",Strength
"The real man smiles in trouble, gathers strength from distress, and grows brave by reflection.",Strength
Thank you to all for your prayers and good wishes. It gave me the strength to persevere and warmed my heart.,Strength
"Everybody needs beauty as well as bread, places to play in and pray in, where nature may heal and give strength to body and soul.",Strength
"We don't even know how strong we are until we are forced to bring that hidden strength forward. In times of tragedy, of war, of necessity, people do amazing things. The human capacity for survival and renewal is awesome.",Strength
There will always be obstacles and challenges that stand in your way. Building mental strength will help you develop resilience to those potential hazards so you can continue on your journey to success.,Strength
"Strength lies in differences, not in similarities.",Strength
"There is strength in numbers, but organizing those numbers is one of the great challenges.",Strength
The man who is swimming against the stream knows the strength of it.,Strength
In solitude the mind gains strength and learns to lean upon itself.,Strength
"A good life depends on the strength of our relationships with family, friends, neighbours, colleagues and strangers.",Strength
"Being deeply loved by someone gives you strength, while loving someone deeply gives you courage.",Strength
"You gain strength, courage, and confidence by every experience in which you really stop to look fear in the face. You are able to say to yourself, 'I lived through this horror. I can take the next thing that comes along.'",Strength
"As a boss, as a CEO, as a creative director, as a chef, I've learned that failure will always come. I've learned to give it a big squeeze, smile at it, humble myself to it and then use it as a springboard to send me on my way to strength, success, and fulfillment.",Strength
It is time for parents to teach young people early on that in diversity there is beauty and there is strength.,Strength
The undertaking of a new action brings new strength.,Strength
"Core strength and stability is very important to me. Tennis is all about rotation of the body and my ability to create power. I incorporate a lot of abdominal, back and glute exercises into my gym sessions.",Strength
Every good citizen adds to the strength of a nation.,Strength
"It is cruel, you know, that music should be so beautiful. It has the beauty of loneliness of pain: of strength and freedom. The beauty of disappointment and never-satisfied love. The cruel beauty of nature and everlasting beauty of monotony.",Strength
War is peace. Freedom is slavery. Ignorance is strength.,Strength
Faith is the strength by which a shattered world shall emerge into the light.,Strength
"Having a superpower has nothing to do with the ability to fly or jump, or superhuman strength. The truest superpowers are the ones we all possess: willpower, integrity, and most importantly, courage.",Strength
"You really have to look inside yourself and find your own inner strength, and say, 'I'm proud of what I am and who I am, and I'm just going to be myself.'",Strength
Solitude is strength; to depend on the presence of the crowd is weakness. The man who needs a mob to nerve him is much more alone than he imagines.,Strength
Mastering others is strength. Mastering yourself is true power.,Strength
Our diversity is our strength. What a dull and pointless life it would be if everyone was the same.,Strength
"Femininity is not just lipstick, stylish hairdos, and trendy clothes. It is the divine adornment of humanity. It finds expression in your qualities of your capacity to love, your spirituality, delicacy, radiance, sensitivity, creativity, charm, graciousness, gentleness, dignity, and quiet strength.",Strength
Worry does not empty tomorrow of its sorrow. It empties today of its strength.,Strength
It's never too late to reclaim your inner diva and reclaim your inner strength.,Strength
I know there is strength in the differences between us. I know there is comfort where we overlap.,Strength
"The difference between a successful person and others is not a lack of strength, not a lack of knowledge, but rather a lack of will.",Strength
We draw our strength from the very despair in which we have been forced to live. We shall endure.,Strength
If one suffers we all suffer. Togetherness is strength. Courage.,Strength
"Attachment is your biggest strength and your biggest weakness. Though it gives you the power to love someone more than yourself, it becomes difficult to live when you lose something you are attached to. Even when we have lost, we should go beyond that and get truly attached to someone. Loving someone truly is the most beautiful feeling.",Strength
Sometimes your greatest strength can emerge as a weakness if the context changes.,Strength
A strong economy is the source of national strength.,Strength
"My mother is a strong woman. Her strength comes from being tested by life's unpredictability. It comes from soldiering on for her children, even when she might rather have given up. I know it hasn't always come easily, but I also know it's her greatest gift.",Strength
"The fact that societies are becoming increasingly multi-ethnic, multicultural, and multi-religious is good. Diversity is a strength, not a weakness.",Strength
"My mother taught me about the power of inspiration and courage, and she did it with a strength and a passion that I wish could be bottled.",Strength
"I never said I wanted a 'happy' life but an interesting one. From separation and loss, I have learned a lot. I have become strong and resilient, as is the case of almost every human being exposed to life and to the world. We don't even know how strong we are until we are forced to bring that hidden strength forward.",Strength
Solitude is the strength of being alone. It's where we become our best company.,Strength
"Calm mind brings inner strength and self-confidence, so that's very important for good health.",Strength
"Pink is the color of strength, a color of conviction, a color of decision making.",Strength
"Our strength as a nation comes in our unity. We are the United States of America, not the divided states. And those who want to divide us are trying to divide us, and we shouldn't let them do it.",Strength
"I always say the strength of democracy lies in criticism. If there is no criticism, that means there is no democracy. And if you want to grow, you must invite criticism. And I want to grow; I want to invite criticism.",Strength
"When you rise in the morning, give thanks for the light, for your life, for your strength. Give thanks for your food and for the joy of living. If you see no reason to give thanks, the fault lies in yourself.",Strength
"We can't all be good at everything. This is partly the logic behind having a team in the first place, so each role can be filled with the person best suited for that role and together, every job and every strength is covered.",Strength
"Strength training is a fantastic microcosm for a man's life: pushing yourself through discomfort, every single day, is the only way to make measurable progress. It's one of the few ways to grow as a man.",Strength
"Being forced to work, and forced to do your best, will breed in you temperance and self-control, diligence and strength of will, cheerfulness and content, and a hundred virtues which the idle will never know.",Strength
Sometimes the strength of motherhood is greater than natural laws.,Strength
My strength would be my honesty and my passion towards my work.,Strength
"Looking ahead, I believe that the underlying importance of higher education, of science, of technology, of research and scholarship to our quality of life, to the strength of our economy, to our security in many dimensions will continue to be the most important message.",Strength
Don't be intimidated by what you don't know. That can be your greatest strength and ensure that you do things differently from everyone else.,Strength
"Sports have always been a big part of my life. At school, I played a lot of different sports, and I was competing with other schools. I did everything: running, volleyball, basketball, soccer, Olympic-style gymnastics, and more! My history with sports gave me good concentration, focus, strength, and motivation to stay healthy.",Strength
I was always looking outside myself for strength and confidence but it comes from within. It is there all the time.,Strength
"I think a guitar solo is how my emotion is most freely released, because verbal articulation isn't my strongest communication strength. My wife thinks that I should do interviews by listening to the questions and playing the answer on guitar.",Strength
"My attitude is that if you push me towards something that you think is a weakness, then I will turn that perceived weakness into a strength.",Strength
Discipline and united action are the real source of strength for the nation.,Strength
"If we are faithful to God in little things, we shall gain experience and strength that will be helpful to us in the more serious trials of life.",Strength
Freedom comes from strength and self-reliance.,Strength
"What gives me the most hope every day is God's grace; knowing that his grace is going to give me the strength for whatever I face, knowing that nothing is a surprise to God.",Strength
"I would fight for my liberty so long as my strength lasted, and if the time came for me to go, the Lord would let them take me.",Strength
"The strength of a civilization is not measured by its ability to fight wars, but rather by its ability to prevent them.",Strength
"Wisdom is the knowledge of good and evil, not the strength to choose between the two.",Strength
"I'm in love with red. I think it's such a passionate color. Every flag of every country pretty much has red it it. It's power, there's no fence sitting with red. Either you love it or you don't. I think its blood and strength and life. I do love red. I love all colors. Great shades of blue, you find them in nature. They're all magic.",Strength
Peace is purchased from strength. It's not purchased from weakness or unilateral retreats.,Strength
"I am closest to my mother, as she is my rock, my pillar of strength, and my world. Not only has she stood by me through all times - happy, sad, and otherwise - but there have even been moments when I had completely lost hope, and her immense belief in me had lifted me up.",Strength
Be faithful in small things because it is in them that your strength lies.,Strength
"The kind of beauty I want most is the hard-to-get kind that comes from within - strength, courage, dignity.",Strength
"If you would know strength and patience, welcome the company of trees.",Strength
"I see myself as a survivor, and I'm not ashamed to say I'm a survivor. To me, survivor implies strength, implies that I have been through something and I made it out the other side.",Strength
"My being a black woman is not a deficit. It is a strength. Because I could not be where I am had I not overcome so many other barriers. Which means you know I'm relentless, you know I'm persistent, and you know I'm smart.",Strength
The perfection of Christian character depends wholly upon the grace and strength found alone in God.,Strength
I am deeply honored by the trust the board has placed in me to lead Duke Energy. I have a high degree of confidence in the strength of our company's leadership and dedicated employees.,Strength
"People think of Latina women as being fiery and fierce, which is usually true. But I think the quality that so many Latinas possess is strength. I'm very proud to have Latin blood.",Strength
We all have enough strength to endure the misfortunes of others.,Strength
Humble souls are fearful of their own strength.,Strength
"Strength comes in so many forms. Not just the physical strength, but to understand the emotional strength. To have emotional vulnerability, to show that's not a weakness.",Strength
I don't have the strength or wisdom to get through a single day without guidance and grace from God.,Strength
"Over the years, golf has evolved from a leisurely game of stick and ball into a competitive sport for highly skilled athletes. Players not only spend countless hours fine-tuning technique on the course, but also improving strength, stability, and endurance in the gym.",Strength
"I'm God's chosen child. I don't worry or carry anything extra to feel the strength. I've always felt the power of God beside me. Your strength lies in instilling honesty, truth, and sincerity in you.",Strength
"A nation that destroys its soils destroys itself. Forests are the lungs of our land, purifying the air and giving fresh strength to our people.",Strength
"History teaches us that unity is strength, and cautions us to submerge and overcome our differences in the quest for common goals, to strive, with all our combined strength, for the path to true African brotherhood and unity.",Strength
"Girl power is about loving yourself and having confidence and strength from within, so even if you're not wearing a sexy outfit, you feel sexy.",Strength
"It is only necessary to have courage, for strength without self-confidence is useless.",Strength
"Somehow I kept my head above water. I relied on the discipline, character, and strength that I had started to develop as that little girl in her first swimming pool.",Strength
Let me tell you the secret that has led me to my goal. My strength lies solely in my tenacity.,Strength
Each relationship nurtures a strength or weakness within you.,Strength
Success in golf depends less on strength of body than upon strength of mind and character.,Strength
"When I make a fist, it's strong, and you can't tear it apart. As long as there's unity, there's strength.",Strength
The colour of the skin is in no way connected with strength of the mind or intellectual powers.,Strength
The true measure of strength is through a squat and deadlift.,Strength
"London's greatest strength is our diversity, and it's wonderful to see Londoners celebrating our capital's different traditions, determined to stand up to division.",Strength
"My inner strength comes from my friends. I have a very close group of friends and family, and we all help each other through our dark times.",Strength
"Remember, the storm is a good opportunity for the pine and the cypress to show their strength and their stability.",Strength
"Don't worry about not fitting in. The things that make people think you're weird are what makes you you, and therefore your greatest strength.",Strength
"I love the man that can smile in trouble, that can gather strength from distress, and grow brave by reflection. 'Tis the business of little minds to shrink, but he whose heart is firm, and whose conscience approves his conduct, will pursue his principles unto death.",Strength
Believing in yourself and having confidence gives you outer strength.,Strength
Love you will find only where you may show yourself weak without provoking strength.,Strength
"I always try to see the good in everything, and that gives me strength. Even when I lost in the London Olympics quarterfinals, I said to myself, 'Don't lose heart, God has his own plans.' Actually, life just goes on; you have to accept whatever challenge you face and become stronger.",Strength
"The source of my power and strength is God, and I know it, without a shadow of a doubt.",Strength
Patience is the support of weakness; impatience the ruin of strength.,Strength
"Each year, Labor Day gives us an opportunity to recognize the invaluable contributions that working men and women make to our nation, our economy and our collective prosperity. It gives us a chance to show gratitude for workers' grit, dedication, ingenuity and strength, which define our nation's character.",Strength
I think the reason why strong women have such a powerful impact is that you've got the strength of a man with the heart and sensitivity of a woman.,Strength
Safety and security of women and children will determine the well-being and strength of our nations.,Strength
Work is not man's punishment. It is his reward and his strength and his pleasure.,Strength
"When you're playing upside down, it takes twice the strength.",Strength
"Tears shed for self are tears of weakness, but tears shed for others are a sign of strength.",Strength
"Above all, it is not decency or goodness of gentleness that impresses the Middle East, but strength.",Strength
"I have always been an outstanding football player, I have always had uncanny abilities, great arm strength, an immense ability to play the game from a quarterback standpoint. The problem was that I wasn't given the liberty to do certain things when I was young.",Strength
"The Hulk was a unique character because of his strength and power. He doesn't have a costume like Spiderman or like Superman - The Hulk is more visual. His passion and his strength, that is what separates him from anything else.",Strength
I think it's very refreshing to see women in cinema having strength and their own independent storyline.,Strength
I think what weakens people most is fear of wasting their strength.,Strength
"So many older people, they just sit around all day long and they don't get any exercise. Their muscles atrophy, and they lose their strength, their energy and vitality by inactivity.",Strength
"First I shall name the eagle, of which there are three species: the great grey eagle is the largest, of great strength and high flight; he chiefly preys on fawns and other young quadrupeds.",Strength
What gives me strength and inspires me is never to go back to where I once was. My inspiration is to see my son as he admires me and knowing that I have someone there who depends on me. I have to do things right. I have to move forward.,Strength
"I love taking a character and raining holy hell down on them and seeing how they respond, how they react. It's one of the things I do in almost all my books - my protagonist is put through a very stressful situation that tests their strength and their psychological acuity. That's one of the core components of who I am as a writer.",Strength
Yoga is at the core of my health and wellness routine; even if it's only for 10 to 15 minutes I find it helps me to re-center and to focus as well as improve my overall core strength.,Strength
Tonight I should like to thank all those who have shared my work and to acknowledge the debt that I owe to my wife whose encouragement to put research before all other things has been a great strength to me.,Strength
"When we set our hearts upon the things of this world and fail to be strictly honest with the Lord, we do not grow in the light and power and strength of the gospel as we otherwise would do.",Strength
"When I was first introduced to CrossFit, I found it to be the hardest workout that I'd ever done. It wiped the floor with me, and I fell in love with it immediately. The results that I have seen in my strength and physicality have been unparalleled to any other things I have ever done in my more than 20 years in the fitness business.",Strength
Military preparedness is absolutely a form of strength.,Strength
"To keep your he-man jaw muscles from smashing your precious teeth, the only set you have, the body evolved an automated braking system faster and more sophisticated than anything on a Lexus. The jaw knows its own strength. The faster and more recklessly you close your mouth, the less force the muscles are willing to apply.",Strength
"Poesy must not be drawn by the ears: it must be gently led, or rather, it must lead, which was partly the cause that made the ancient learned affirm it was a divine, and no human skill, since all other knowledges lie ready for any that have strength of wit; a poet no industry can make, if his own genius be not carried into it.",Strength
"When I'm a little lighter, I feel faster and I feel better. I thought I needed to be big, but I learned that I'm better off being quicker and more agile, because I still have strength.",Strength
One of the things that launched the strength in biotech is when the pharmaceutical industry itself got a little slow.,Strength
"Baseball and golf have a lot of things in common, including the fact that players in both games love hitting for power. However, in both sports, trying to do so strictly with muscle strength doesn't work very well. In fact, I see a lot of guys in both baseball and golf struggle when they try to swing with tight arms.",Strength
"Robert Lewandowski is a player who plays in front of the opposing goal, especially with his back to the opponent. He is always attacked, and this is one of the big strength of a striker who plays in this position.",Strength
"I think the biggest difference is that I've noticed Western parents seem much more concerned about their children's psyches, their self-esteem, whereas tough immigrant parents assume strength rather than fragility in their children and therefore behave completely differently.",Strength
"The crowd lifts you and spurs you on. And I don't get rattled - that's my strength, I think.",Strength
Snowboarding requires lower-body strength.,Strength
"I had no doubts I could go to the pole. I may not be as strong, but I make up for physical strength in other areas, like steadiness and not panicking under stress.",Strength
"Many think that the price of discipleship is too costly and too burdensome. For some, it involves giving up too much. But the cross is not as heavy as it appears to be. Through obedience, we acquire much greater strength to carry it.",Strength
"I will continue to push for doubling the strength of the U.S. Border Patrol, and to make sure that every cargo container that enters this nation is screened for radiation and potential weapons of mass destruction.",Strength
Mrs. Thatcher was a powerful figure at the time I was a student in London. And I admire her versatility and strength.,Strength
I need that hug from my mom. She's the Latin mother that hugs you and says all these sweet things to you in Spanish. It's just comforting. She also gives me that strength.,Strength
I would say my legs would be my strength. I think I have the perfect legs.,Strength
"We can't equate spending on veterans with spending on defense. Our strength is not just in the size of our defense budget, but in the size of our hearts, in the size of our gratitude for their sacrifice. And that's not just measured in words or gestures.",Strength
You find strength in your moments of weakness.,Strength
Wrestling is different from other sports. It is not just about physical strength. It is more of a mind game as during matches we have to read the mind of opponents and outwit them.,Strength
"Every social organisation which is rooted in life still lasts a long time, even after the conditions from which it drew its strength have changed in a manner unfavourable to it.",Strength
I gathered as much reading material about Aung San Suu Kyi and about Burma as I could. And I read every article and every book she had written. I also had 200 hours of footage of her to watch. I tried to discover who were her heroes and where he desire and strength to pursue democracy in a non-violent fashion came from.,Strength
"If I'm walking down the street, and if a person abuses me, the dignified thing to do is to keep walking, but if that person starts throwing stones into my home and affects the well-being of me and my family, then that silence is no longer strength; that silence becomes weakness.",Strength
"The strength and power and goodness of America has always been based on the strength and power and goodness of our communities, our families, our faiths. That is the bedrock of what makes America, America. In our best days, we can feel the vibrancy of America's communities, large and small.",Strength
"I come from hardworking, determined people on both sides of my family... the kind who live with a hard reality from which much strength comes.",Strength
"Sometimes I have to run and hide. What I do at home sometimes is, I listen to a CD of the roughness of the ocean. I turn every light off, and I turn the stereo on, and I just go in my mind, cry, talk to God, tell him, 'I'm your child, too.' And I stay in my little solitude until I can get the strength to go outdoors.",Strength
My intensity is my greatest strength. It's also my greatest weakness.,Strength
"There are movements which impinge upon the nerves with a strength that is incomparable, for movement has power to stir the senses and emotions, unique in itself.",Strength
