Opportunity is missed by most people because it is dressed in overalls and looks like work.,Work
The reward for work well done is the opportunity to do more.,Work
"Hard work spotlights the character of people: some turn up their sleeves, some turn up their noses, and some don't turn up at all.",Work
All things are difficult before they are easy.,Work
Let the beauty of what you love be what you do.,Work
"Let us realize that: the privilege to work is a gift, the power to work is a blessing, the love of work is success!",Work
The only thing that overcomes hard luck is hard work.,Work
"Be regular and orderly in your life, so that you may be violent and original in your work.",Work
Work is much more fun than fun.,Work
"The harder I work, the luckier I get.",Work
"When your work speaks for itself, don't interrupt.",Work
"The power of one, if fearless and focused, is formidable, but the power of many working together is better.",Work
Nobody ever drowned in his own sweat.,Work
The beginning is the most important part of the work.,Work
Working hard and working smart sometimes can be two different things.,Work
"It's like Forrest Gump said, 'Life is like a box of chocolates.' Your career is like a box of chocolates - you never know what you're going to get. But everything you get is going to teach you something along the way and make you the person you are today. That's the exciting part - it's an adventure in itself.",Work
Honor lies in honest toil.,Work
"I put my heart and my soul into my work, and have lost my mind in the process.",Work
Unemployment is capitalism's way of getting you to plant a garden.,Work
Good things happen to those who hustle.,Work
"Opportunities are usually disguised as hard work, so most people don't recognize them.",Work
"If you must have motivation, think of your paycheck on Friday.",Work
"When you form a team, why do you try to form a team? Because teamwork builds trust and trust builds speed.",Work
Far and away the best prize that life has to offer is the chance to work hard at work worth doing.,Work
Nothing will work unless you do.,Work
Work gives you meaning and purpose and life is empty without it.,Work
"Nothing ever comes to one, that is worth having, except as a result of hard work.",Work
"I've learned from experience that if you work harder at it, and apply more energy and time to it, and more consistency, you get a better result. It comes from the work.",Work
I believe in stopping work and eating lunch.,Work
The only place success comes before work is in the dictionary.,Work
"All life demands struggle. Those who have everything given to them become lazy, selfish, and insensitive to the real values of life. The very striving and hard work that we so constantly try to avoid is the major building block in the person we are today.",Work
There is no substitute for hard work.,Work
Quality is everyone's responsibility.,Work
Without labor nothing prospers.,Work
"Don't stay in bed, unless you can make money in bed.",Work
By working faithfully eight hours a day you may eventually get to be boss and work twelve hours a day.,Work
"Never continue in a job you don't enjoy. If you're happy in what you're doing, you'll like yourself, you'll have inner peace. And if you have that, along with physical health, you will have had more success than you could possibly have imagined.",Work
The best preparation for good work tomorrow is to do good work today.,Work
"Individual commitment to a group effort - that is what makes a team work, a company work, a society work, a civilization work.",Work
He who seeks rest finds boredom. He who seeks work finds rest.,Work
The supreme accomplishment is to blur the line between work and play.,Work
"A man's work is nothing but this slow trek to rediscover, through the detours of art, those two or three great and simple images in whose presence his heart first opened.",Work
"Work, look for peace and calm in work: you will find it nowhere else.",Work
"When a man tells you that he got rich through hard work, ask him: 'Whose?'",Work
Working hard is very important. You're not going to get anywhere without working extremely hard.,Work
The only way to enjoy anything in this life is to earn it first.,Work
The brain is a wonderful organ; it starts working the moment you get up in the morning and does not stop until you get into the office.,Work
To find joy in work is to discover the fountain of youth.,Work
"It is an immutable law in business that words are words, explanations are explanations, promises are promises-but only performance is reality.",Work
All wealth is the product of labor.,Work
"The harder you work... and visualize something, the luckier you get.",Work
Work is the curse of the drinking classes.,Work
"Careers, like rockets, don't always take off on time. The trick is to always keep the engine running.",Work
"Choose a job you love, and you will never have to work a day in your life.",Work
One thing I never want to be accused of is not working.,Work
"Organizing is what you do before you do something, so that when you do it, it is not all mixed up.",Work
"And where I excel is ridiculous, sickening, work ethic. You know, while the other guy's sleeping? I'm working.",Work
Quality is pride of workmanship.,Work
Blessed is he who has found his work; let him ask no other blessedness.,Work
Plans are only good intentions unless they immediately degenerate into hard work.,Work
"Every man's work, whether it be literature, or music or pictures or architecture or anything else, is always a portrait of himself.",Work
Management is nothing more than motivating other people.,Work
"For me, every day is a new thing. I approach each project with a new insecurity, almost like the first project I ever did. And I get the sweats. I go in and start working, I'm not sure where I'm going. If I knew where I was going I wouldn't do it.",Work
"I know you've heard it a thousand times before. But it's true - hard work pays off. If you want to be good, you have to practice, practice, practice. If you don't love something, then don't do it.",Work
Work will win when wishy washy wishing won t.,Work
"Before you start some work, always ask yourself three questions - Why am I doing it, What the results might be and Will I be successful. Only when you think deeply and find satisfactory answers to these questions, go ahead.",Work
"Whatever your life's work is, do it well. A man should do his job so well that the living, the dead, and the unborn could do it no better.",Work
It is the working man who is the happy man. It is the idle man who is the miserable man.,Work
Economics is extremely useful as a form of employment for economists.,Work
"Luck is a dividend of sweat. The more you sweat, the luckier you get.",Work
Nothing is work unless you'd rather be doing something else.,Work
Going to work for a large company is like getting on a train. Are you going sixty miles an hour or is the train going sixty miles an hour and you're just sitting still?,Work
Men for the sake of getting a living forget to live.,Work
Work is not man's punishment. It is his reward and his strength and his pleasure.,Work
"Laziness may appear attractive, but work gives satisfaction.",Work
"Married couples who work together to build and maintain a business assume broad responsibilities. Not only is their work important to our local and national economies, but their success is central to the well-being of their families.",Work
"Without work, all life goes rotten. But when work is soulless, life stifles and dies.",Work
Be open to the amazing changes which are occurring in the field that interest you.,Work
The end of labor is to gain leisure.,Work
We have a system that increasingly taxes work and subsidizes nonwork.,Work
Inspiration comes of working every day.,Work
If you don't want to work you have to work to earn enough money so that you won't have to work.,Work
"If you put all your strength and faith and vigor into a job and try to do the best you can, the money will come.",Work
"O man you are busy working for the world, and the world is busy trying to turn you out.",Work
What you are will show in what you do.,Work
I have been up against tough competition all my life. I wouldn't know how to get along without it.,Work
Every noble work is at first impossible.,Work
"Work, apart from devotion or love of God, is helpless and cannot stand alone.",Work
"Everyone has been made for some particular work, and the desire for that work has been put in every heart.",Work
Life grants nothing to us mortals without hard work.,Work
"We work to become, not to acquire.",Work
"To fulfill a dream, to be allowed to sweat over lonely labor, to be given a chance to create, is the meat and potatoes of life. The money is the gravy.",Work
Work expands so as to fill the time available for its completion.,Work
The reason a lot of people do not recognize opportunity is because it usually goes around wearing overalls looking like hard work.,Work
"Can anything be sadder than work left unfinished? Yes, work never begun.",Work
Management must manage!,Work
"Once you start a working on something, don't be afraid of failure and don't abandon it. People who work sincerely are the happiest.",Work
"The more I want to get something done, the less I call it work.",Work
"A good job is more than just a paycheck. A good job fosters independence and discipline, and contributes to the health of the community. A good job is a means to provide for the health and welfare of your family, to own a home, and save for retirement.",Work
Luck? I don't know anything about luck. I've never banked on it and I'm afraid of people who do. Luck to me is something else: Hard work - and realizing what is opportunity and what isn't.,Work
There are one hundred men seeking security to one able man who is willing to risk his fortune.,Work
"To find out what one is fitted to do, and to secure an opportunity to do it, is the key to happiness.",Work
"People who work together will win, whether it be against complex football defenses, or the problems of modern society.",Work
"Do not hire a man who does your work for money, but him who does it for love of it.",Work
No fine work can be done without concentration and self-sacrifice and toil and doubt.,Work
I never did a day's work in my life. It was all fun.,Work
"Your chances of success are directly proportional to the degree of pleasure you desire from what you do. If you are in a job you hate, face the fact squarely and get out.",Work
By the work one knows the workman.,Work
Concentrate on your job and you will forget your other troubles.,Work
Work isn't to make money; you work to justify life.,Work
"I guess we all like to be recognized not for one piece of fireworks, but for the ledger of our daily work.",Work
"Work is love made visible. And if you cannot work with love but only with distaste, it is better that you should leave your work and sit at the gate of the temple and take alms of those who work with joy.",Work
Work alone is noble.,Work
Ya gots to work with what you gots to work with.,Work
Honest labor bears a lovely face.,Work
Most people treat the office manual the way they treat a software manual. They never look at it.,Work
"It can be liberating to get fired because you realize the world doesn't end. There's other ways to make money, better jobs.",Work
The will to work of everyone in the country is the best guarantee of national survival.,Work
"To be a poet is a condition, not a profession.",Work
There is joy in work. There is no happiness except in the realization that we have accomplished something.,Work
Work is a necessary evil to be avoided.,Work
Big jobs usually go to the men who prove their ability to outgrow small ones.,Work
All labor that uplifts humanity has dignity and importance and should be undertaken with painstaking excellence.,Work
The greatest teacher I know is the job itself.,Work
One man's wage increase is another man's price increase.,Work
Find a job you like and you add five days to every week.,Work
"Two months after I got out of test pilot school, I saw an advert that said NASA was recruiting more astronauts. The best job you could have as a test pilot was being an astronaut, so I volunteered.",Work
I work to stay alive.,Work
The idea of having a steady job is appealing.,Work
I can't imagine anything more worthwhile than doing what I most love. And they pay me for it.,Work
The taxpayer - that's someone who works for the federal government but doesn't have to take the civil service examination.,Work
"No one can arrive from being talented alone, work transforms talent into genius.",Work
You're blessed if you have the strength to work.,Work
"Let us touch the dying, the poor, the lonely and the unwanted according to the graces we have received and let us not be ashamed or slow to do the humble work.",Work
I'd like to dial it back 5% or 10% and try to have a vacation that's not just e-mail with a view.,Work
"There is always the danger that we may just do the work for the sake of the work. This is where the respect and the love and the devotion come in - that we do it to God, to Christ, and that's why we try to do it as beautifully as possible.",Work
"I have found in work that you only get back what you put into it, but it does come back gift-wrapped.",Work
"When more and more people are thrown out of work, unemployment results.",Work
It is your work in life that is the ultimate seduction.,Work
Big pay and little responsibility are circumstances seldom found together.,Work
"Being an astronaut is a wonderful career. I feel very privileged. But what I really hope for young people is that they find a career they're passionate about, something that's challenging and worthwhile.",Work
No person who is enthusiastic about his work has anything to fear from life.,Work
Gentleness doesn't get work done unless you happen to be a hen laying eggs.,Work
"I mean I don't really think about it. You know, do you know what I often say to myself? I think you're very lucky in life if you know what you want to do.",Work
"It's easier to change what you do than people think it is. If you don't change, your field changes around you.",Work
Give yourself something to work toward - constantly.,Work
Work is accomplished by those employees who have not yet reached their level of incompetence.,Work
Anyone who can walk to the welfare office can walk to work.,Work
My experience has been that work is almost the best way to pull oneself out of the depths.,Work
A manager is responsible for the application and performance of knowledge.,Work
The pay is good and I can walk to work.,Work
"Teaching was the hardest work I had ever done, and it remains the hardest work I have done to date.",Work
Every man loves what he is good at.,Work
I've got a woman's ability to stick to a job and get on with it when everyone else walks off and leaves it.,Work
"I thought the attractions of being an astronaut were actually, not so much the Moon, but flying in a completely new medium.",Work
"And to get real work experience, you need a job, and most jobs will require you to have had either real work experience or a graduate degree.",Work
I'm working myself to death.,Work
There is no disgrace in working. There was no silver spoon around at the time I was born.,Work
"I have always argued that change becomes stressful and overwhelming only when you've lost any sense of the constancy of your life. You need firm ground to stand on. From there, you can deal with that change.",Work
My husband changed jobs so fast that I simply never knew what business he was in.,Work
Work is a prayer. And I start off every morning dedicating it to our Creator.,Work
Work is a necessity for man. Man invented the alarm clock.,Work
The biggest job we have is to teach a newly hired employee how to fail intelligently. We have to train him to experiment over and over and to keep on trying and failing until he learns what will work.,Work
If Botticelli were alive today he'd be working for Vogue.,Work
Labor gives birth to ideas.,Work
"When a work lifts your spirits and inspires bold and noble thoughts in you, do not look for any other standard to judge by: the work is good, the product of a master craftsman.",Work
I think about my work every minute of the day.,Work
"I think the person who takes a job in order to live - that is to say, for the money - has turned himself into a slave.",Work
Managers in all too many American companies do not achieve the desired results because nobody makes them do it.,Work
"As I understand it, sport is hard work for which you do not get paid.",Work
"Because I have work to care about, it is possible that I may be less difficult to get along with than other women when the double chins start to form.",Work
"Dreaming in public is an important part of our job description, as science writers, but there are bad dreams as well as good dreams. We're dreamers, you see, but we're also realists, of a sort.",Work
"As an actor, to have achieved financial stability is amazing. But I always have this weird fear that I'm not going to get any more work; it's about not having enough money.",Work
It is only when I am doing my work that I feel truly alive.,Work
There's something to be said in favor of working in isolation in the real world.,Work
I met an American woman and got married so I had to get a job.,Work
"Put off thy cares with thy clothes; so shall thy rest strengthen thy labor, and so thy labor sweeten thy rest.",Work
I always got my work done before playing.,Work
"I work 338 days a year, 16 hours a day.",Work
"There is a vast world of work out there in this country, where at least 111 million people are employed in this country alone - many of whom are bored out of their minds. All day long.",Work
"For the last several years and culminating in six months in orbit next year, I've been training for my third space flight. This one is almost in a category completely different than the previous two, specifically to live in on the space station for six months, to command a space ship and to fly a new rocket ship.",Work
"On any given day, my father wasn't likely to return from work before I was asleep for the night. I saw that a man's work was important, that he must pursue it tirelessly, and that it might require certain sacrifices, like being away from the warmth and comfort of home.",Work
The economy in the Valley will need to grow if students want to come back and work with their specialized degrees. We need to develop more to create more opportunities.,Work
"And if small businesspeople say they made it on their own, all they are saying is that nobody else worked seven days a week in their place. Nobody showed up in their place to open the door at five in the morning. Nobody did their thinking, and worrying, and sweating for them.",Work
"Instead of being critical of people in authority over you and envious of their position, be happy you're not responsible for everything they have to do. Instead of piling on complaints, thank them for what they do. Overwhelm them with encouragement and appreciation!",Work
"After two weeks of working on a project, you know whether it will work or not.",Work
"You know, I think the greatest gift in the world is a good employee, you know, or people who can do your work for you and do it well the way you'd like to have it done. And I've always been able to surround myself with really good people.",Work
America believes in education: the average professor earns more money in a year than a professional athlete earns in a whole week.,Work
"If you do what you love, you'll never work a day in your life.",Work
"There are no secrets to success. It is the result of preparation, hard work, and learning from failure.",Work
"Success is no accident. It is hard work, perseverance, learning, studying, sacrifice and most of all, love of what you are doing or learning to do.",Work
"Keep your dreams alive. Understand to achieve anything requires faith and belief in yourself, vision, hard work, determination, and dedication. Remember all things are possible for those who believe.",Work
"I work a lot in the slums of Tondo, Manila, and the life there is poor and very sad. And I've always taught to myself to look for the beauty of it and look in the beauty of the faces of the children and to be grateful.",Work
Success isn't always about greatness. It's about consistency. Consistent hard work leads to success. Greatness will come.,Work
"Work hard for what you want because it won't come to you without a fight. You have to be strong and courageous and know that you can do anything you put your mind to. If somebody puts you down or criticizes you, just keep on believing in yourself and turn it into something positive.",Work
"A gentle word, a kind look, a good-natured smile can work wonders and accomplish miracles.",Work
"Nature is so powerful, so strong. Capturing its essence is not easy - your work becomes a dance with light and the weather. It takes you to a place within yourself.",Work
"Work hard, stay positive, and get up early. It's the best part of the day.",Work
"Vaccinations absolutely work, and have dramatically decreased rates of childhood diseases.",Work
Perseverance is the hard work you do after you get tired of doing the hard work you already did.,Work
Work like you don't need the money. Love like you've never been hurt. Dance like nobody's watching.,Work
"Youth is the gift of nature, but age is a work of art.",Work
"Dreams can become a reality when we possess a vision that is characterized by the willingness to work hard, a desire for excellence, and a belief in our right and our responsiblity to be equal members of society.",Work
The fruit of your own hard work is the sweetest.,Work
Self-belief and hard work will always earn you success.,Work
"Decide what you want, decide what you are willing to exchange for it. Establish your priorities and go to work.",Work
"Hard work always pays off, whatever you do.",Work
"Whatever you do, do with determination. You have one life to live; do your work with passion and give your best. Whether you want to be a chef, doctor, actor, or a mother, be passionate to get the best result.",Work
There is no substitute for hard work. Never give up. Never stop believing. Never stop fighting.,Work
"Without hard work, nothing grows but weeds.",Work
"Stay true to yourself, yet always be open to learn. Work hard, and never give up on your dreams, even when nobody else believes they can come true but you. These are not cliches but real tools you need no matter what you do in life to stay focused on your path.",Work
"To be a champion, I think you have to see the big picture. It's not about winning and losing; it's about every day hard work and about thriving on a challenge. It's about embracing the pain that you'll experience at the end of a race and not being afraid. I think people think too hard and get afraid of a certain challenge.",Work
"Everybody wants to be famous, but nobody wants to do the work. I live by that. You grind hard so you can play hard. At the end of the day, you put all the work in, and eventually it'll pay off. It could be in a year, it could be in 30 years. Eventually, your hard work will pay off.",Work
"I used to work with autistic children, and they said a lot of funny things to me.",Work
"Right now I am trying to be in a place of calm, a place where I can chill out and then handle the chaos of life better. You don't just get it overnight; you have to work at it. It's a daily struggle.",Work
Many hands make light work.,Work
"With hard work and dedication, anything is possible.",Work
"Life is tough, and things don't always work out well, but we should be brave and go on with our lives.",Work
Happiness does not come from doing easy work but from the afterglow of satisfaction that comes after the achievement of a difficult task that demanded our best.,Work
"Work hard, be kind, and amazing things will happen.",Work
"Follow your passion, be prepared to work hard and sacrifice, and, above all, don't let anyone limit your dreams.",Work
"The secret was to just be cool, stay in God's graces, and work it out.",Work
A lot of people mistake habit for hard work. Doing something over and over again is not working hard.,Work
It's all about quality of life and finding a happy balance between work and friends and family.,Work
A good plan today is better than a perfect plan tomorrow. Don't wait for an inspired ending to come to mind. Work your way to the ending and see what comes up.,Work
"Stay positive and happy. Work hard and don't give up hope. Be open to criticism and keep learning. Surround yourself with happy, warm and genuine people.",Work
"There may be people who have more talent than you, but there's no excuse for anyone to work harder than you do - and I believe that.",Work
"Never stop fighting until you arrive at your destined place - that is, the unique you. Have an aim in life, continuously acquire knowledge, work hard, and have perseverance to realise the great life.",Work
"The road to success is not easy to navigate, but with hard work, drive and passion, it's possible to achieve the American dream.",Work
"At the end of the day, you are solely responsible for your success and your failure. And the sooner you realize that, you accept that, and integrate that into your work ethic, you will start being successful. As long as you blame others for the reason you aren't where you want to be, you will always be a failure.",Work
When I was a kid I used to pray every night for a new bicycle. Then I realised that the Lord doesn't work that way so I stole one and asked Him to forgive me.,Work
"I have so much chaos in my life, it's become normal. You become used to it. You have to just relax, calm down, take a deep breath and try to see how you can make things work rather than complain about how they're wrong.",Work
"Create like a god, command like a king, work like a slave.",Work
"Leadership is not about a title or a designation. It's about impact, influence and inspiration. Impact involves getting results, influence is about spreading the passion you have for your work, and you have to inspire team-mates and customers.",Work
"Formula for success: rise early, work hard, strike oil.",Work
"I have not failed. I've just found 10,000 ways that won't work.",Work
"An organization, no matter how well designed, is only as good as the people who live and work in it.",Work
I've been so lucky to work with such great people: people that are such hard workers and have such a respect and appreciation for one another.,Work
"Focused, hard work is the real key to success. Keep your eyes on the goal, and just keep taking the next step towards completing it. If you aren't sure which way to do something, do it both ways and see which works better.",Work
"Follow your dreams, work hard, practice and persevere. Make sure you eat a variety of foods, get plenty of exercise and maintain a healthy lifestyle.",Work
"Run away from laziness; work hard. Touch intuition and listen to the heart, not marketing directors. Dream.",Work
"The three ordinary things that we often don't pay enough attention to, but which I believe are the drivers of all success, are hard work, perseverance, and basic honesty.",Work
"I have said this many times, that there seems to be enough room in the world for mediocre men, but not for mediocre women, and we really have to work very, very hard.",Work
Realize what you really want. It stops you from chasing butterflies and puts you to work digging gold.,Work
I used to play a lot of electric guitar. I don't really consider myself a guitar player anymore. Then I got really into how the pickups work. And winding and de-winding Telecaster pickups. And then building Telecasters. And I became more fascinated with making them than I was with actually playing them. So it's a slippery slope.,Work
"When I work fourteen hours a day, seven days a week, I get lucky.",Work
It is teamwork that makes the dream work.,Work
"Every orchid or rose or lizard or snake is the work of a dedicated and skilled breeder. There are thousands of people, amateurs and professionals, who devote their lives to this business. Now imagine what will happen when the tools of genetic engineering become accessible to these people.",Work
What the world really needs is more love and less paper work.,Work
I don't know what is better than the work that is given to the actor - to teach the human heart the knowledge of itself.,Work
There is simply no substitute for hard work when it comes to achieving success.,Work
"The message to the young players is that hard work and dedication is everything. As a footballer, or anything in life, if you're dedicated you have to fight for that and don't give up however hard it is.",Work
"Mother Earth needs us to keep our covenant. We will do this in courts, we will do this on our radio station, and we will commit to our descendants to work hard to protect this land and water for them. Whether you have feet, wings, fins, or roots, we are all in it together.",Work
"Abortion is wrong. I think everyone knows that, which is why abortion activists are so angry all the time. It's a bit like when you catch someone out in a lie, and they get really mad at you really quickly, and you can't work out why until later. It's guilt.",Work
"I would like to see the day when somebody would be appointed surgeon somewhere who had no hands, for the operative part is the least part of the work.",Work
"I look at graphic design as communication, meaning that the work has to have a vibe to connect to the viewer or perceiver. I make a black and white drawing and then add color digitally, bringing in a contemporary pattern to the composition to create a vibrance.",Work
"I come to work with a smile and I leave with a laugh, and I'm so grateful.",Work
The work must be its own reward. I got that early on. And I'm blessed by meeting my own standards of excellence.,Work
"Life, work - it's all very organic and fluid, a laboratory. I always tell people: whatever your thing is, you just have to be in it. Jump in; you'll figure it out.",Work
Autonomy leads to empowerment. We work hard to maintain a balance between collaboration and cooperation and independence.,Work
"I have been influenced by many different artists at many different stages of my life. Starting out, it was people like Elton John, Billy Joel, Ben Folds, and Fiona Apple. As I got older I got deeper into the work of bands like the Beatles, artists like Sam Cooke, Ray Charles, Etta James, and Joni Mitchell.",Work
It takes a lot of energy to be negative. You have to work at it. But smiling is painless. I'd rather spend my energy smiling.,Work
I believe Bitcoin is a very convenient way to shop and to transfer money to any account around the world. Governments should work around a framework for the currency instead of putting restrictions on it.,Work
Creativity comes from trust. Trust your instincts. And never hope more than you work.,Work
The past is really almost as much a work of the imagination as the future.,Work
"I believe in equal pay for equal work. Gender, race, skin colour, or ethnicity should not be the parameters to hire someone or to decide how much they should be paid.",Work
Just because I'm young doesn't mean I didn't work hard to get to where I am.,Work
"I started to work with cotton fabrics. I used cotton because it's easy to work with, to wash, to take care of, to wear if it's warm or cold. It's great. That was the start.",Work
We must fight terrorism as if there's no peace process and work to achieve peace as if there's no terror.,Work
"The great thing about cake is it doesn't feel like work. You forget about work. Kids, adults, they all get the same look in their eye when they're decorating cakes... That's the magic right there.",Work
"Fencing is a game of living chess, a match where reflexes only work in combination with intent, and mind and body must work together at every moment.",Work
"Breaking a cardinal rule of spy craft, I actually let it be known that I wanted to work for the CIA.",Work
"The benefits of studying abroad are huge. You can pick up a new language, develop a love for another culture, and pick up new skills, hobbies and work experience to boost your CV.",Work
It's important to set your own goals and work hard to achieve them.,Work
"A work of art when placed in a gallery loses its charge, and becomes a portable object or surface disengaged from the outside world.",Work
"I work out not to lose weight but to maintain my good health. And anyway, if I did want to lose weight, it would be no one's decision but my own.",Work
"How do you deal with a criminal that will not listen to what you have to say and who continues his policy of violence? Some say you continue to talk and let him tire himself out. But nearly 40 years after the institution of apartheid, is there anyone who still believes that verbal persuasion will work?",Work
Nobody in Europe will be abandoned. Nobody in Europe will be excluded. Europe only succeeds if we work together.,Work
You don't work on something for six years and be blind to the myriad of other approaches.,Work
"Conservatism is the perfect antidote to underdevelopment. Its commitment to individual responsibility, education, hard work, personal initiative, traditional family values and free markets is a universal formula for success in a free society.",Work
